{
    "extrinsics": {
        "R": [
            0.9999806153341566,
            9.630360369168097e-05,
            -0.006225727390243729,
            -9.797808395380895e-05,
            0.9999999591118686,
            -0.0002686569492282025,
            0.006225701263053002,
            0.0002692617262439284,
            0.9999805838824602
        ],
        "t": [
            -0.20067369825958958,
            0.0007746844141310981,
            0.009495072372925155
        ]
    },
    "final_reproj_error": 1.0999454220849643,
    "init_reproj_error": 5.878040678054773,
    "left": {
        "cx": 1096.0,
        "cy": 796.0,
        "fx": 2619.3066930336786,
        "fy": 2619.515864994686,
        "k1": 0.0,
        "k2": 0.0,
        "k3": 0.0,
        "p1": 0.0,
        "p2": 0.0
    },
    "num_frames": 24,
    "num_observations": 605,
    "num_tracks": 133,
    "right": {
        "cx": 1096.0,
        "cy": 796.0,
        "fx": 2626.536357513971,
        "fy": 2626.3522308149113,
        "k1": 0.0,
        "k2": 0.0,
        "k3": 0.0,
        "p1": 0.0,
        "p2": 0.0
    },
    "success": true
}
