{
    "extrinsics": {
        "R": [
            0.9999816472422455,
            0.00012144682833643963,
            -0.0060572625296460006,
            -0.00012313233229485388,
            0.9999999538079218,
            -0.0002778895156331775,
            0.006057228501048155,
            0.0002786302604568134,
            0.9999816160050463
        ],
        "t": [
            -0.19955062981902844,
            0.0007853012754774678,
            0.009433903055291416
        ]
    },
    "final_reproj_error": 1.097666365723078,
    "init_reproj_error": 5.872797710327357,
    "left": {
        "cx": 1100.0,
        "cy": 800.0,
        "fx": 2566.562893488626,
        "fy": 2566.779445454484,
        "k1": 0.0,
        "k2": 0.0,
        "k3": 0.0,
        "p1": 0.0,
        "p2": 0.0
    },
    "num_frames": 24,
    "num_observations": 605,
    "num_tracks": 133,
    "right": {
        "cx": 1100.0,
        "cy": 800.0,
        "fx": 2573.792946955469,
        "fy": 2573.6025197362387,
        "k1": 0.0,
        "k2": 0.0,
        "k3": 0.0,
        "p1": 0.0,
        "p2": 0.0
    },
    "success": true
}
