{
  "image_size": {
    "width": 2200,
    "height": 1600
  },
  "left": {
    "fx": 2138.8888888888887,
    "fy": 2138.8888888888887,
    "cx": 1100.0,
    "cy": 800.0,
    "k1": 0.0,
    "k2": 0.0,
    "p1": 0.0,
    "p2": 0.0,
    "k3": 0.0
  },
  "right": {
    "fx": 2138.8888888888887,
    "fy": 2138.8888888888887,
    "cx": 1100.0,
    "cy": 800.0,
    "k1": 0.0,
    "k2": 0.0,
    "p1": 0.0,
    "p2": 0.0,
    "k3": 0.0
  },
  "extrinsics": {
    "R": [
      1.0,
      0.0,
      0.0,
      0.0,
      1.0,
      0.0,
      0.0,
      0.0,
      1.0
    ],
    "t": [
      -0.20000000298023224,
      -0.0,
      -0.0
    ]
  }
}