{
    "diff_vs_gt": {
        "extrinsics": {
            "R": [
                -1.805636789242726e-05,
                0.00014162230859474437,
                -0.0060076911433705905,
                -0.0001433367212541253,
                -5.08681208266637e-08,
                -0.00028494003470163584,
                0.006007650483905107,
                0.00028579601247034095,
                -1.8086935417382932e-05
            ],
            "baseline": -0.03592653490133965,
            "rotation_error_deg": 0.3447010504561903,
            "t": [
                0.036115915038576835,
                0.0006694907432278704,
                0.007852415495366452
            ]
        },
        "left": {
            "cx": 0.0,
            "cy": 0.0,
            "fx": 423.4558432538238,
            "fy": 423.6770244012191,
            "k1": 0.0,
            "k2": 0.0,
            "k3": 0.0,
            "p1": 0.0,
            "p2": 0.0
        },
        "right": {
            "cx": 0.0,
            "cy": 0.0,
            "fx": 430.77167038619564,
            "fy": 430.5766382864522,
            "k1": 0.0,
            "k2": 0.0,
            "k3": 0.0,
            "p1": 0.0,
            "p2": 0.0
        }
    },
    "extrinsics": {
        "R": [
            0.9999819436321076,
            0.00014162230859474437,
            -0.0060076911433705905,
            -0.0001433367212541253,
            0.9999999491318792,
            -0.00028494003470163584,
            0.006007650483905107,
            0.00028579601247034095,
            0.9999819130645826
        ],
        "t": [
            -0.1638840879416554,
            0.0006694907432278704,
            0.007852415495366452
        ]
    },
    "final_reproj_error": 1.099070197624725,
    "gt_source": "input_json(left/right/extrinsics)",
    "init_reproj_error": 5.880061535245463,
    "left": {
        "cx": 1100.0,
        "cy": 800.0,
        "fx": 2562.3447321427125,
        "fy": 2562.565913290108,
        "k1": 0.0,
        "k2": 0.0,
        "k3": 0.0,
        "p1": 0.0,
        "p2": 0.0
    },
    "num_frames": 24,
    "num_observations": 605,
    "num_tracks": 133,
    "right": {
        "cx": 1100.0,
        "cy": 800.0,
        "fx": 2569.6605592750843,
        "fy": 2569.465527175341,
        "k1": 0.0,
        "k2": 0.0,
        "k3": 0.0,
        "p1": 0.0,
        "p2": 0.0
    },
    "success": true
}
