{
    "extrinsics": {
        "R": [
            0.9999806470834088,
            9.413983164060206e-05,
            -0.006220658834808713,
            -9.58010226486641e-05,
            0.9999999598341569,
            -0.0002667467874591553,
            0.006220633473453045,
            0.00026733757060875055,
            0.9999806159370351
        ],
        "t": [
            -0.1985747225383664,
            0.0007585299695108287,
            0.009240225151259362
        ]
    },
    "final_reproj_error": 1.099048376103937,
    "init_reproj_error": 5.872506133329746,
    "left": {
        "cx": 1096.0,
        "cy": 796.0,
        "fx": 2616.184310322707,
        "fy": 2616.3942279349244,
        "k1": 0.0,
        "k2": 0.0,
        "k3": 0.0,
        "p1": 0.0,
        "p2": 0.0
    },
    "num_frames": 24,
    "num_observations": 605,
    "num_tracks": 133,
    "right": {
        "cx": 1096.0,
        "cy": 796.0,
        "fx": 2623.3143698017884,
        "fy": 2623.129517648958,
        "k1": 0.0,
        "k2": 0.0,
        "k3": 0.0,
        "p1": 0.0,
        "p2": 0.0
    },
    "success": true
}
