{
    "diff_vs_gt": {
        "extrinsics": {
            "R": [
                -7.010182769007223e-05,
                -0.0036822719736078423,
                0.011253426777050523,
                0.0036912879847703,
                -7.117429617120585e-06,
                -0.0007805136705304915,
                -0.011250472617963475,
                0.0008219985941452509,
                -6.362643206958563e-05
            ],
            "baseline": 0.02506858688960306,
            "rotation_error_deg": 0.6799812868390432,
            "t": [
                -0.023528054355241468,
                0.0014459070481573034,
                0.026248563439422605
            ]
        },
        "left": {
            "cx": 0.0,
            "cy": 0.0,
            "fx": 21.219281615367436,
            "fy": 21.188583190411464,
            "k1": 0.04947297239813578,
            "k2": -0.0956944927888002,
            "k3": -1.0,
            "p1": 0.024273739809228083,
            "p2": -0.00974005872327774
        },
        "right": {
            "cx": 0.0,
            "cy": 0.0,
            "fx": 37.0264043649845,
            "fy": 37.06088623138339,
            "k1": -0.02338240692606822,
            "k2": 0.17692619876478152,
            "k3": -1.0,
            "p1": 0.02870527284276169,
            "p2": -0.020139529072707284
        }
    },
    "extrinsics": {
        "R": [
            0.9999298981723099,
            -0.0036822719736078423,
            0.011253426777050523,
            0.0036912879847703,
            0.9999928825703829,
            -0.0007805136705304915,
            -0.011250472617963475,
            0.0008219985941452509,
            0.9999363735679304
        ],
        "t": [
            -0.2235280573354737,
            0.0014459070481573034,
            0.026248563439422605
        ]
    },
    "final_reproj_error": 1.0527571651892875,
    "gt_source": "gt_param_file: stereo_calib/scripts/camera_params.json",
    "init_reproj_error": 1.0552612259687804,
    "left": {
        "cx": 1100.0,
        "cy": 800.0,
        "fx": 2160.108170504256,
        "fy": 2160.0774720793,
        "k1": 0.04947297239813578,
        "k2": -0.0956944927888002,
        "k3": -1.0,
        "p1": 0.024273739809228083,
        "p2": -0.00974005872327774
    },
    "num_frames": 24,
    "num_observations": 605,
    "num_tracks": 133,
    "right": {
        "cx": 1100.0,
        "cy": 800.0,
        "fx": 2175.915293253873,
        "fy": 2175.949775120272,
        "k1": -0.02338240692606822,
        "k2": 0.17692619876478152,
        "k3": -1.0,
        "p1": 0.02870527284276169,
        "p2": -0.020139529072707284
    },
    "success": true
}
