{
    "extrinsics": {
        "R": [
            0.9999806469688557,
            9.414208559238254e-05,
            -0.006220677215269367,
            -9.580327895002491e-05,
            0.9999999598340525,
            -0.0002667463682310871,
            0.006220651853350544,
            0.0002673371671548263,
            0.9999806158228061
        ],
        "t": [
            -0.19858483026938453,
            0.0007585691754140732,
            0.009240634281299254
        ]
    },
    "final_reproj_error": 1.0990483732506693,
    "init_reproj_error": 5.872506133329746,
    "left": {
        "cx": 1096.0,
        "cy": 796.0,
        "fx": 2616.182576978338,
        "fy": 2616.3924872968587,
        "k1": 0.0,
        "k2": 0.0,
        "k3": 0.0,
        "p1": 0.0,
        "p2": 0.0
    },
    "num_frames": 24,
    "num_observations": 605,
    "num_tracks": 133,
    "right": {
        "cx": 1096.0,
        "cy": 796.0,
        "fx": 2623.3125678384736,
        "fy": 2623.1277228090385,
        "k1": 0.0,
        "k2": 0.0,
        "k3": 0.0,
        "p1": 0.0,
        "p2": 0.0
    },
    "success": true
}
