{
    "extrinsics": {
        "R": [
            0.9999999768482861,
            -0.00021504255234809283,
            -7.754225306094267e-06,
            0.00021504251325092272,
            0.9999999768656449,
            -5.042528501451784e-06,
            7.755309484904148e-06,
            5.0408608966110215e-06,
            0.9999999999572224
        ],
        "t": [
            -0.12001826124832966,
            -2.055774074536839e-05,
            -0.00012883951104805896
        ]
    },
    "final_reproj_error": 2.0328727457488224e-08,
    "init_reproj_error": 0.008239347784798883,
    "left": {
        "cx": 640.0,
        "cy": 360.0,
        "fx": 999.7259813452893,
        "fy": 999.712617939283,
        "k1": 0.013594829698948485,
        "k2": -0.006420089953631165,
        "k3": -0.13717703991518984,
        "p1": 0.0006904697463568039,
        "p2": 0.0008708695210143726
    },
    "right": {
        "cx": 640.0,
        "cy": 360.0,
        "fx": 1000.1371606692543,
        "fy": 999.9247076042224,
        "k1": 0.008338941111440734,
        "k2": -0.004390991771680325,
        "k3": 0.02999496632120019,
        "p1": 0.0010685032529080517,
        "p2": 0.0010459252556137722
    },
    "success": true
}
